Time (seconds),Throughput (requests/second),Average Latency (millisecond),Minimum Latency (millisecond),25th Percentile Latency (millisecond),Median Latency (millisecond),75th Percentile Latency (millisecond),90th Percentile Latency (millisecond),95th Percentile Latency (millisecond),99th Percentile Latency (millisecond),Maximum Latency (millisecond),tp (req/s) scaled
0,3378.8,1351.924,1.116,118.657,299.972,632.963,8524.955,8824.517,9107.101,9920.112,0.001
5,0,-0.001,-0.001,-0.001,-0.001,-0.001,-0.001,-0.001,-0.001,-0.001,-1000
10,7286,206.542,0.699,63.759,165.633,307.523,452.119,540.338,723.441,1480.266,0.005
15,9690.8,212.335,0.507,64.894,170.191,313.351,461.78,557.167,759.502,1386.698,0.005
20,8867,233.8,0.512,81.451,188.737,348.477,495.254,589.845,776.179,1355.854,0.004
25,8076.2,250.662,0.816,84.202,200.79,378.115,535.971,628.532,823.647,1460.448,0.004
30,5085,433.788,0.798,98.395,232.49,448.697,814.44,2283.078,2685.599,3779.296,0.002
35,6311.6,301.782,0.567,96.665,238.78,450.12,645.656,790.1,1054.466,1878.697,0.003
40,4022.8,508.36,0.6,88.647,252.023,500.894,2305.554,2554.863,2926.807,3739.362,0.002
45,8565.2,237.569,0.509,72.16,190.506,358.337,517.054,613.878,812.536,1425.353,0.004
50,8734.6,239.404,0.57,76.241,186.485,361.425,522.488,624.386,830.552,1369.11,0.004
55,7835,260.603,0.595,86.842,208.512,390.499,555.351,659.082,893.658,1552.644,0.004
60,7041,289.984,0.57,97.922,227.35,436.708,623.067,742.215,982.028,1866.804,0.003
65,6646,378.531,0.731,95.618,241.063,495.163,791.352,1524.876,2013.225,2590.548,0.003
70,4476,368.137,0.872,122.833,279.562,523.473,761.644,887.88,1280.951,6168.152,0.003
75,882.8,2190.812,1.369,102.141,380.046,4702.645,4871.159,4936.274,5073.237,5620.683,0
80,9360.4,219.863,0.524,75.782,178.06,325.077,470.839,562.691,758.502,1280.161,0.005
85,9186.2,224.889,0.513,69.922,177.275,337.307,494.691,593.73,778.112,1473.622,0.004
90,8513.2,240.377,0.748,81.227,193.308,357.713,513.537,612.589,818.768,1409.074,0.004
95,7580.8,520.863,0.577,84.071,218.194,427.641,665.578,1039.325,6008.672,6602.073,0.002
100,62.4,5496.084,1.264,5595.263,5777.532,5982.224,6092.643,6170.891,6362.295,6765.028,0
105,6079.6,306.319,0.786,99.467,251.631,461.943,656.31,776.292,1020.156,1868.519,0.003
110,4721.4,568.374,0.691,91.907,245.227,501.861,915.167,3559.259,3918.61,4487.775,0.002
115,6070.4,228.849,0.68,67.831,182.46,345.811,502.516,598.259,785.201,1403.326,0.004
120,8982.6,228.83,0.643,77.922,187.462,340.047,486.04,579.408,774.286,1617.201,0.004
125,8171,250.1,0.638,81.153,197.886,373.051,541.029,650.62,850.01,1519.976,0.004
130,7731.2,268.534,0.802,94.548,217.585,402.85,570.716,670.77,882.861,1454.624,0.004
135,7111.2,286.209,0.774,89.474,220.999,433.682,623.177,740.627,999.753,2034.616,0.003
140,5468.2,377.617,0.877,99.192,253.547,522.196,885.934,1222.988,1673.8,2659.102,0.003
145,6468.4,315.081,0.643,87.724,244.834,480.13,703.131,844.04,1125.344,2233.48,0.003
150,4929.2,492.511,0.664,92.904,250.359,530.141,939.379,2652.473,2950.103,3625.664,0.002
155,6727.8,243.745,0.497,82.844,197.722,365.635,516.203,618.124,838.1,1634.913,0.004
160,8495.2,240.383,0.547,82.18,195.233,359.517,511.949,606.069,799.84,1322.798,0.004
165,7711.2,267.561,0.932,93.533,209.354,391.797,569.478,694.382,969.433,1704.895,0.004
170,7133.6,292.388,0.776,93.276,228.135,443.204,633.318,755.209,1002.78,1888.973,0.003
175,6992,285.49,0.681,88.747,224.905,431.935,627.847,742.317,976.718,1829.338,0.004
180,6526.8,319.611,0.844,104.55,246.499,484.774,693.238,819.979,1088.168,2007.721,0.003
185,6244,334.573,0.692,100.043,259.729,511.794,735.478,877.16,1180.417,2181.046,0.003
190,2367,1490.333,0.761,89.737,276.265,695.701,7133.323,7318.387,7898.139,8374.962,0.001
195,1965.2,257.476,0.754,96.802,223.463,347.945,538.93,652.114,849.608,1293.235,0.004
200,9159.8,221.648,0.482,75.83,185.345,330.897,469.507,543.375,714.471,1216.237,0.005
205,8642.4,238.814,0.69,77.858,190.962,355.805,516.419,616.794,820.62,1604.37,0.004
210,7855.4,255.973,0.602,86.195,202.886,384.165,550.706,651.991,856.334,1328.438,0.004
215,3835.2,836.28,0.931,109.449,258.87,502.017,5269.376,5516.935,5862.432,6873.203,0.001
220,2969.6,335.964,0.668,106.188,249.674,488.64,697.815,835.299,1155.365,6250.246,0.003
225,1142.4,1890.104,0.713,89.854,326.94,4845.201,5141.849,5280.515,5464.616,5629.903,0.001
230,8417.8,219.302,0.682,71.851,181.421,327.968,464.044,547.655,741.077,1373.573,0.005
235,8877.2,231.256,0.505,75.742,187.282,346.454,496.394,591.557,778.486,1588.313,0.004
240,8466.6,247.494,0.637,81.995,199.811,370.437,527.897,628.951,837.43,1545.947,0.004
245,7636.6,264.29,0.628,84.302,210.449,396.906,568.322,675.896,898.254,1659.069,0.004
250,7128.8,286.426,0.526,96.609,227.799,422.16,614.739,746.608,999.131,1863.503,0.003
255,6914.6,300.526,1,100.77,240.584,458.45,633.632,743.884,986.991,1697.59,0.003
260,6441.4,318.551,0.987,107.643,249.167,484.038,679.44,808.751,1073.729,1869.655,0.003
265,6380.6,316.002,0.742,94.003,247.79,485.161,690.385,821.437,1088.094,1824.582,0.003
270,6035.8,343.739,0.655,103.558,263.261,527.432,758.603,899.139,1189.621,1984.76,0.003
275,5787.2,356.703,0.541,110.286,282.629,546.442,766.587,902.413,1195.734,2112.311,0.003
280,5894,340.81,0.607,113.61,257.151,509.865,742.217,891.915,1187.958,2091.768,0.003
285,7925.6,255.773,0.869,81.027,203.324,388.645,552.348,656.458,844.343,1385.508,0.004
290,7140.8,289.06,0.595,82.981,220.254,442.24,645.609,771.854,1025.924,1758.256,0.003
295,7089.8,292.504,0.615,89.657,226.342,443.893,642.171,770.943,1003.044,1832.495,0.003
300,6755.8,299.885,0.774,94.884,232.208,454.417,655.506,777.406,1031.07,1879.252,0.003
305,6008.4,344.537,0.833,112.861,272.669,519.196,739.462,872.789,1152.581,2012.193,0.003
310,6195.2,340.972,0.601,95.459,253.462,509.698,757.227,920.218,1227.527,6775.702,0.003
315,1348.4,1773.1,0.65,76.252,309.185,5181.451,5504.146,5620.716,5889.721,6695.517,0.001
320,6493.4,245.495,0.567,89.402,202.963,363.092,518.91,617.183,811.691,1379.207,0.004
325,8646.8,240.862,0.612,75.214,193.951,364.491,520.865,620.155,826.418,1555.104,0.004
330,8027.2,251.372,0.617,77.627,200.403,379.131,547.306,651.084,865.064,1573.758,0.004
335,7340.6,282.683,0.872,94.288,220.546,421.057,614.645,734.978,992.392,1791.376,0.004
340,7181.2,284.289,0.502,78.878,216.805,437.003,635.295,756.769,1018.776,1804.977,0.004
345,6555,310.266,0.632,98.056,246.373,474.435,668.243,786.686,1036.081,1954.611,0.003
350,5328.6,939.41,0.7,110.082,278.545,558.691,921.509,8267.895,8726.725,9873.824,0.001
355,0,-0.001,-0.001,-0.001,-0.001,-0.001,-0.001,-0.001,-0.001,-0.001,-1000
360,4804.4,228.291,1.005,76.916,183.892,329.189,485.509,608.693,851.816,1712.34,0.004
365,9140,227.315,0.512,70.661,178.977,335.335,501.425,602.399,815.932,1598.934,0.004
370,8524.4,239.615,0.605,73.905,185.63,359.289,531.808,637.511,839.891,1514.767,0.004
375,8021,255.164,0.696,86.441,202.926,382.495,546.763,644.602,845.346,1823.25,0.004
380,7213.4,289.378,0.718,98.061,231.653,432.17,621.008,734.386,980.438,1832.358,0.003
385,6919.4,292.716,0.608,97.092,232.811,440.993,624.564,741.763,987.696,1866.364,0.003
390,5175.4,511.256,1.189,95.369,249.155,514.765,874.438,2993.716,3430.818,4001.572,0.002
395,4073,367.212,0.746,118.544,278.919,555.112,790.329,970.343,1307.697,2120.686,0.003
400,6043.2,334.921,0.644,102.729,265.057,515.868,724.017,851.346,1128.252,2011.229,0.003
405,5998.2,349.033,0.853,107.1,270.079,534.266,757.779,900.705,1199.603,2122.947,0.003
410,5688,354.898,0.971,110.202,274.563,548.276,773.256,912.337,1179.728,2046.375,0.003
415,5539.2,371.695,0.871,110.73,292.611,567.684,798.217,952.268,1297.167,2618.978,0.003
420,5691.8,351.456,1.048,105.183,264.007,538.526,779.527,926.654,1241.519,2227.132,0.003
425,6774.6,509.202,0.718,100.916,243.381,463.161,726.312,3914.508,4374.464,5484.656,0.002
430,1816.4,350.818,0.976,113.762,268.412,526.039,770.97,906.688,1231.574,1783.569,0.003
435,6682.2,307.525,0.625,97.884,248.466,461.974,667.075,790.616,1073.344,1945.798,0.003
440,5762,514.949,0.69,108.487,266.302,515.192,840.233,3206.09,3472.709,6439.513,0.002
445,1694.4,851.597,0.564,113.413,260.957,782.626,2840.305,2969.93,3218.087,3732.776,0.001
450,7029.8,244.366,0.71,70.9,188.101,373.083,539.443,638.711,861.806,1474.657,0.004
455,7740.8,266.176,0.569,76.514,202.686,397.168,593.965,721.417,1003.007,1958.452,0.004
460,7304,282.55,0.844,97.635,233.263,420.794,595.592,703.804,936.417,1672.682,0.004
465,7172.8,288.408,0.664,89.398,228.647,434.549,627.047,748.78,997.809,1866.422,0.003
470,5217.4,386.204,0.721,97.976,247.282,497.415,871.661,1470.881,1831.046,2807.971,0.003
475,4998.4,558.046,0.956,122.848,293.167,571.866,941.1,3041.099,3561.104,4053.877,0.002
480,4133.8,324.017,0.66,95.902,252.575,490.048,710.967,852.543,1150.268,1851.163,0.003
485,6767.6,297.078,0.652,95.936,232.475,445.741,638.933,766.179,1047.117,1805.143,0.003
490,8962.4,226.587,0.684,70.807,177.788,338.743,495.137,594.359,797.01,1332.452,0.004
495,8440.2,242.88,0.731,74.963,187.467,365.107,532.1,643.263,859.383,1744.923,0.004
500,7793.4,266.616,0.616,87.109,211.84,399.227,571.284,680.547,916.75,1629.942,0.004
505,7177.4,284.122,0.939,88.155,222.625,428.479,617.816,735.728,982.327,1698.238,0.004
510,6949.4,294.065,0.748,83.795,227.512,454.14,649.568,769.541,1004.814,1676.842,0.003
515,6364.6,317.857,0.751,111.304,252.207,482.12,675.854,789.064,1040.585,2069.99,0.003
520,6060.8,344.148,0.863,107.238,271.906,523.229,740.974,876.646,1167.644,1934.903,0.003
525,5962.6,389.036,0.763,108.515,268.084,514.455,748.404,896.31,1677.717,6608.099,0.003
530,669.2,2936.849,1.047,101.016,5205.702,5488.649,5593.291,5687.087,5786.057,6363.848,0
535,7776.8,238.006,0.718,72.794,186.523,351.015,530.715,636.051,859.115,1572.769,0.004
540,8381,242.92,0.625,78.784,198.817,364.326,517.034,613.022,825.951,1473.245,0.004
545,7787.8,261.872,0.507,82.99,208.501,393.993,565.056,674.338,891.798,1537.834,0.004
550,7382.2,280.507,0.775,92.373,225.304,420.519,602.14,711.017,959.93,1926.19,0.004
555,3088.8,696.484,0.758,99.494,252.11,505.372,3319.401,3684.096,3953.165,4780.94,0.001
560,5942.4,327.654,0.864,103.222,262.887,498.495,711.292,853.432,1109.433,1864.76,0.003
565,6580.8,311.318,0.627,84.603,243.814,475.427,693.282,828.36,1126.363,2005.136,0.003
570,6159.2,329.965,0.851,92.547,254.697,507.894,732.048,865.91,1163.29,1964.677,0.003
575,5927.6,348.744,0.893,103.288,266.299,527.157,777.25,923.125,1246.501,2037.497,0.003
580,5864.4,383.221,0.578,84.17,231.207,476.84,808.463,1687.71,2087.723,2916.63,0.003
585,4971,363.743,0.543,106.921,251.757,475.955,817.392,1162.622,1710.495,2804.756,0.003
590,7241.6,287.018,0.693,92.917,229.953,432.417,615.206,728.364,962.23,1549.472,0.003
595,6745.4,302.903,0.612,95.274,240.889,458.431,648.851,773.299,1044.49,1874.45,0.003
600,6385.8,321.613,1.041,107.696,252.64,491.36,689.565,812.36,1067.628,1724.144,0.003
605,6081.2,339.102,0.739,107.878,265.545,517.163,729.346,859.343,1148.116,1847.837,0.003
610,6066.4,336.292,1.044,106.425,265.161,514.263,717.902,845.792,1114.467,2045.153,0.003
615,5572.6,368.665,1.161,123.839,297.932,560.881,767.867,895.968,1218.559,2312.896,0.003
620,5476.2,373.93,0.761,105.59,281.875,575.824,820.848,983.917,1349.488,2815.92,0.003
625,5288.4,384.969,0.9,113.317,295.132,595.456,839.814,991.57,1366.609,2427.354,0.003
630,5187.2,607.877,1.094,118.044,313.604,622.193,950.261,1378.015,5865.176,6796.04,0.002
635,233.2,4302.688,1.85,5114.78,5214.402,5307.134,5508.561,5622.651,5783.22,5980.533,0
640,7693.6,255.969,0.781,80.073,206.025,379.874,559.774,662.761,895.154,1442.354,0.004
645,8381,245.42,0.737,80.39,196.295,368.644,528.379,628.039,838.456,1791.79,0.004
650,7379,278.467,0.546,98.295,226.372,413.549,583.84,689.516,910.628,1587.489,0.004
655,7119.6,287.292,0.738,81.541,219.866,437.932,633.538,763.718,1035.706,1712.071,0.003
660,6605.2,316.372,0.916,104.438,246.385,469.814,687.733,823.626,1105.673,1964.144,0.003
665,6306.8,338.111,0.686,93.795,248.092,481.192,709.777,861.932,1204.767,9451.44,0.003
670,1148.6,2732.524,0.707,61.514,288.077,7460.186,7762.162,7895.297,8118.259,8538.558,0
675,3084.8,259.239,1.088,88.54,212.534,377.403,548.85,657.888,932.164,1634.055,0.004
680,8986.6,228.582,0.509,66.329,175.493,341.235,510.241,614.102,849.468,1680.124,0.004
685,8230,248.82,0.595,75.84,192.752,373.235,545.773,656.089,886.685,2056.066,0.004
690,7611.6,270.833,0.619,85.114,217.882,407.37,588.254,699.685,918.866,1383.922,0.004
695,7120.4,290.268,0.579,97.666,230.968,438.794,621.214,735.606,973.13,1778.895,0.003
700,6611.6,308.596,0.844,102.702,247.729,459.099,663.83,786.223,1057.426,1654.285,0.003
705,6337.4,327.391,1.104,112.849,258.513,492.128,690.905,818.376,1102.541,2285.697,0.003
710,5963.2,336.961,1,110.679,273.415,505.681,717.777,841.693,1112.891,1966.574,0.003
715,5863.2,349.949,0.717,111.297,269.117,529.318,758.662,898.053,1208.964,2418.834,0.003
720,5669,364.915,0.755,106.067,278.845,559.402,806.534,956.613,1283.818,2468.302,0.003
725,5541.2,371.319,0.713,117.104,293.769,566.341,792.37,945.131,1253.298,2050.504,0.003
730,5255.8,391.198,1.222,123.021,307.307,599.324,834.168,976.948,1308.406,2437.348,0.003
735,7511.4,266.151,0.861,83.584,208.357,400.633,579.187,691.774,941.205,1704.359,0.004
740,7458.2,273.195,0.497,93.502,219.344,404.493,589.503,708.195,931.228,1730.507,0.004
745,7065.2,285.421,0.793,90.192,221.895,425.795,623.134,753.534,1008.404,1756.44,0.004
750,6733.6,312.943,0.613,96.022,251.579,477.709,676.859,807.98,1043.465,1879.432,0.003
755,6348.2,325.671,0.756,104.52,251.531,494.957,704.677,839.47,1122.841,1798.803,0.003
760,5692.6,355.866,1.033,118.562,272.715,547.935,772.115,884.904,1119.712,2397.422,0.003
765,6038.8,345.066,0.555,106.847,268.414,514.08,751.842,887.312,1189.721,6050.132,0.003
770,1235.4,1587.108,0.805,85.35,291.286,4250.714,4535.774,4714.751,4944.469,5673.683,0.001
775,8707,241.265,0.558,72.152,189.871,359.058,533.329,645.405,867.215,1884.99,0.004
780,8103.4,249.533,0.829,86.122,202.673,373.846,529.973,621.165,826.301,1538.237,0.004
785,7836,262.626,0.661,88.884,212.945,389.296,562.462,665.261,878.477,1575.219,0.004
790,5006.8,621.792,0.647,91.972,241.57,483.011,853.98,4402.623,4770.508,11085.36,0.002
795,1024.4,2640.399,2.558,200.195,497.939,6016.628,6415.372,6549.393,6805.359,7304.605,0
800,1340.4,221.649,0.846,75.807,188.299,329.379,459.568,551.552,710.39,1088.92,0.005
805,9687.4,212.563,0.58,64.664,171.781,315.653,461.934,561.205,761.734,1608.73,0.005
810,8886.8,231.021,0.644,70.209,180.565,346.659,511.847,609.487,815.877,1397.682,0.004
815,8103.4,254.33,0.605,90.966,209.028,361.554,536.26,649.249,901.403,1755.432,0.004
820,7674.8,265.57,0.663,80.055,211.217,398.345,580.529,692.659,927.064,1761.15,0.004
825,7344.4,277.867,0.638,85.986,217.803,420.786,607.77,728.308,963.24,1866.258,0.004
830,6954,295.827,0.724,97.048,235.339,441.658,634.918,759.297,1007.795,1786.198,0.003
835,6556.8,314.86,0.885,101.328,247.669,476.578,681.956,805.173,1075.882,1748.288,0.003
840,5919.4,349.728,0.865,117.253,282.74,529.363,733.753,868.794,1155.158,1993.285,0.003
845,5642.8,360.389,0.975,110.281,276.144,551.034,780.732,923.756,1260.28,2787.558,0.003
850,5831,357.093,0.947,113.502,282.751,537.956,772.013,922.984,1224.16,2149.641,0.003
855,5408,370.409,1.04,117.908,285.881,573.929,790.217,924.955,1272.322,2639.69,0.003
860,5450.2,383.757,1.423,121.24,293.046,594.308,819.625,961.749,1304.656,2294.078,0.003
865,5816.8,340.3,1.095,112.779,262.561,515.986,730.709,863.011,1153.575,2086.701,0.003
870,7819.6,261.22,0.732,85.527,210.251,391.543,562.716,664.312,887.649,1645.788,0.004
875,5094.6,570.027,0.904,104.769,243.685,466.942,781.373,3889.931,4305.304,5211.004,0.002
880,3680,341.256,0.882,115.893,267.864,504.258,707.712,836.638,1114.632,7990.283,0.003
885,1275.8,2233.497,1.107,100.786,301.676,6374.133,6661.443,6782.056,6994.638,7294.158,0
890,5051.2,233.195,0.555,88.996,198.772,343.504,477.685,555.232,744.838,1240.228,0.004
895,8968.2,228.856,0.602,69.716,180.974,341.795,505.735,611.857,797.629,1372.559,0.004
900,8491.2,242.135,0.593,74.871,187.837,360.01,531.57,641.053,863.516,1546.234,0.004
905,7715.6,265.168,0.689,86.354,210.318,398.122,571.427,676.869,912.26,1590.125,0.004
910,7133.2,288.838,0.851,98.222,230.844,428.37,620.122,733.905,984.226,1782.768,0.003
915,6979.2,293.801,0.67,91.87,231.639,447.535,636.283,752.1,1010.471,1774.116,0.003
920,5326.6,867.507,1.035,106.445,260.375,536.755,918.532,7464.528,7956.262,8774.967,0.001
925,0,-0.001,-0.001,-0.001,-0.001,-0.001,-0.001,-0.001,-0.001,-0.001,-1000
930,6899,213.805,0.564,73.477,177.999,311.847,452.43,552.078,758.657,1438.336,0.005
935,9361.4,219.835,0.628,75.761,180.373,328.182,467.879,552.386,728.631,1430.884,0.005
940,8748.4,243.526,0.626,76.835,193.845,364.91,525.434,632.429,841.185,1497.168,0.004
945,7829.8,253.227,0.76,80.626,204.237,381.083,549.414,649.419,852.272,1343.492,0.004
950,6871.2,423.141,0.79,103.052,246.477,457.97,717.451,2512.82,2918.137,4041.069,0.002
955,3689.6,351.545,1.147,107.382,274.21,497.957,696.008,821.242,1202.797,5403.869,0.003
960,1829.8,1054.798,1.085,125.518,292.78,676.561,4003.674,4140.577,4350.948,5192.888,0.001
965,8729.2,233.425,0.643,73.478,184.262,346.906,504.645,606.979,858.923,1511.036,0.004
970,8654.8,239.34,0.609,80.335,192.509,354.034,513.155,615.183,831.519,1522.477,0.004
975,8143.8,251.545,0.643,83.623,201.282,370.778,541.894,648.552,865.215,1748.643,0.004
980,7364.4,274.7,0.659,90.071,222.228,415.54,586.745,691.427,928.464,1856.684,0.004
985,6920,303.515,0.668,91.38,237.074,458.387,659.505,791.992,1075.243,1954.12,0.003
990,6196,323.392,0.62,93.042,249.784,467.135,742.459,952.39,1192.76,2293.063,0.003
995,8789.4,234.473,0.684,77.572,182.431,348.15,512.995,615.004,818.149,1441.256,0.004
1000,8080.2,253.368,0.534,80.36,204.842,381.238,543.888,647.593,858.081,1505.968,0.004
1005,7428.4,274.622,0.774,93,219.983,410.623,589.178,695.284,911.179,1627.912,0.004
1010,3632.4,759.348,0.588,97.864,235.357,471.546,4452.755,4729.642,5142.883,5752.993,0.001
1015,4202,326.541,0.828,115.315,266.045,478.128,661.295,772.956,1023.265,5438.634,0.003
1020,1466.4,1371.139,1.046,121.185,279.098,4194.975,4504.945,4662.064,4887.764,5416.366,0.001
1025,8456.6,241.277,0.546,71.307,188.221,358.747,535.864,649.779,873.67,1598.616,0.004
1030,8272.6,247.581,0.849,79.668,196.796,371.892,531.016,637.719,867.274,1716.774,0.004
1035,7975,256.944,0.896,87.378,208.885,374.297,553.5,662.286,900.141,1734.361,0.004
1040,7422.8,278.379,0.799,89.135,221.138,421.324,601.688,712.316,935.223,1527.021,0.004
1045,7055.4,293.289,0.675,89.716,226.772,447.091,644.316,770.268,1013.474,1655.696,0.003
1050,6488,314.512,0.739,99.402,252.391,474.557,679.965,806.023,1055.977,2153.828,0.003
1055,6153.8,329.672,0.935,98.662,254.402,499.688,729.748,876.907,1178.797,2185.246,0.003
1060,6200.8,336.105,0.869,108.498,264.629,514.516,717.505,848.521,1119.752,1976.421,0.003
1065,5803.2,349.504,0.79,109.131,272.417,537.47,752.261,891.308,1183.259,1908.314,0.003
1070,5549.4,366.741,1,114.178,275.334,560.5,806.237,953.902,1262.487,2370.315,0.003
1075,7615,271.419,0.843,88.676,214.16,410.278,587.482,697.28,906.299,1817.334,0.004
1080,6743.4,617.641,0.663,102.415,244.356,465.747,732.976,5567.606,6108.538,6797.672,0.002
1085,0,-0.001,-0.001,-0.001,-0.001,-0.001,-0.001,-0.001,-0.001,-0.001,-1000
1090,4839,999.575,0.717,113.865,281.308,553.417,979.435,8353.106,8792.743,9825.669,0.001
1095,0,-0.001,-0.001,-0.001,-0.001,-0.001,-0.001,-0.001,-0.001,-0.001,-1000
1100,4946,240.991,1.165,74.217,198.648,361.722,515.01,613.46,816.086,1461.265,0.004
1105,9116.4,227.112,0.681,75.089,183.497,339.175,485.834,578.106,759.248,1705.636,0.004
1110,8130.4,252.337,0.64,90.474,203.704,377.708,533.541,630.088,844.655,1506.314,0.004
1115,7669.2,264.732,0.925,86.352,207.968,397.018,577.107,684.897,905.371,1887.037,0.004
1120,7269,280.862,0.767,96.539,229.701,419.566,596.37,704.88,936.171,1659.051,0.004
1125,6830.4,305.731,0.744,90.716,233.632,468.925,673.482,791.491,1062.486,1842.272,0.003
1130,6535.2,313.322,1.008,102.985,249.382,472.389,669.876,797.461,1058.775,1842.628,0.003
1135,6027.6,337.114,0.756,108.685,267.414,515.61,720.927,841.405,1123.102,2024.385,0.003
1140,5759.8,363.892,1.038,122.093,284.304,549.672,764.34,916.881,1262.791,2240.303,0.003
1145,5797.6,348.509,0.696,104.478,269.009,533.67,760.096,912.988,1230.178,2523.501,0.003
1150,5382.6,378.196,0.937,126.737,303.305,573.634,795.062,928.203,1242.4,2185.117,0.003
1155,5232.8,394.762,0.95,120.924,308.809,605.041,839.846,993.324,1387.398,2585.04,0.003
1160,4877.6,419.896,1.349,132.544,324.68,648.109,896.146,1041.759,1422.067,2337.951,0.002
1165,6970.8,295.095,0.521,96.593,228.775,431.013,643.218,780.8,1103.016,2090.252,0.003
1170,7021.4,285.878,0.613,103.396,230.831,425.353,600.836,711.097,960.004,1579.533,0.003
1175,4617.2,668.772,1.05,96.308,246.284,486.821,918.588,4677.63,4989.812,5913.899,0.001
1180,2956,343.218,1.845,127.391,284.859,510.611,715.61,841.372,1083.398,1920.136,0.003
1185,4804,739.366,0.899,95.229,263.403,531.657,994.68,5419.849,5724.688,6871.606,0.001
1190,2013.4,264.717,0.668,109.089,232.669,370.622,551.551,667.17,856.759,1419.196,0.004
1195,9046,224.433,0.784,79.997,187.609,330.212,468.477,563.341,747.088,1284.145,0.004
1200,8508,242.77,0.776,81.528,199.174,361.94,518.347,616.239,798.021,1417.297,0.004
1205,7921.4,256.779,0.669,84.547,206.138,384.419,550.809,653.496,866.862,1595.449,0.004
1210,7257.6,285.76,0.69,95.251,232.548,426.953,607.216,718.662,959.192,1623.388,0.003
1215,7139.2,287.45,0.808,88.456,230.174,436.056,624.683,745.65,979.044,1555.758,0.003
1220,6215.4,338.564,0.655,107.727,261.753,503.535,703.515,828.183,1118.274,8154.21,0.003
1225,1570.6,1911.178,0.831,49.509,236.673,6515.701,6932.764,7077.838,7390.145,7838.423,0.001
1230,4306.8,241.457,0.524,58.749,178.932,368.292,558.611,679.251,913.589,1590.952,0.004
1235,8060.8,248.933,0.739,77.524,192.425,368.625,551.666,665.514,898.186,1601.643,0.004
1240,8423.6,245.47,0.57,78.697,193.966,367.017,534.606,637.573,855.263,1489.694,0.004
1245,7845.4,260.262,0.906,80.835,205.654,393.578,568.405,673.711,906.362,1635.402,0.004
1250,6984.4,293.378,0.824,101.251,239.062,438.547,623.718,732.353,971.657,1648.333,0.003
1255,6886.4,299.188,0.738,90.533,233.842,456.005,653.207,778.638,1041.735,1870.14,0.003
1260,6440,313.745,0.777,105.386,248.031,476.47,674.649,785.915,1023.376,1810.704,0.003
1265,6118.6,343.854,1.157,124.946,280.315,509.731,712.025,844.166,1125.717,2303.027,0.003
1270,5796.8,355.42,0.648,99.786,272.389,543.264,803.959,956.016,1268.309,2136.176,0.003
1275,7854.6,252.868,0.733,74.173,192.256,377.832,564.279,689.069,930.07,1699.614,0.004
1280,5046.2,402.702,0.656,87.687,215.169,448.322,785.401,2025.676,2395.741,3081.172,0.002
1285,7036.4,292.281,0.697,85.087,208.168,389.472,636.671,959.122,1268.119,2177.832,0.003
1290,7528.8,271.585,0.677,89.323,216.265,408.08,586.791,691.476,916,1824.807,0.004
1295,6781.8,574.715,0.951,96.443,237.607,451.709,722.529,5045.53,5546.009,6382.63,0.002
1300,555.2,433.975,2.011,198.495,391.905,620.272,834.705,983.657,1254.17,1541.785,0.002
1305,3851.2,1048.884,1.076,99.731,271.147,560.667,7066.905,7335.748,7670.885,8396.111,0.001
1310,0,-0.001,-0.001,-0.001,-0.001,-0.001,-0.001,-0.001,-0.001,-0.001,-1000
1315,9639.6,213.004,0.544,65.488,173.621,319.95,459.448,548.11,731.928,1441.836,0.005
1320,8755.6,235.116,0.651,74.378,186.859,351.447,509.848,618.128,830.31,1508.918,0.004
1325,8218.6,249.238,0.691,75.648,188.832,368.178,554.675,672.618,922.948,1639.715,0.004
1330,7715.6,265.177,0.692,84.247,212.552,394.946,571.612,682.819,910.959,1507.35,0.004
1335,6951,298.06,1.034,94.387,236.843,447.334,640.027,766.908,1032.493,1779.597,0.003
1340,6731.6,306.008,0.822,101.512,248.352,464.85,652.748,767.302,1008.08,2116.119,0.003
1345,6317.2,322.47,0.66,100.487,249.267,492.501,702.99,830.803,1104.039,1859.258,0.003
1350,6150.6,334.426,0.806,119.023,267.999,505.14,695.117,817.672,1102.981,1833.867,0.003
1355,3714.2,1088.448,0.734,126.259,338.747,646.686,6805.627,7029.656,7456.4,8754.748,0.001
1360,0,-0.001,-0.001,-0.001,-0.001,-0.001,-0.001,-0.001,-0.001,-0.001,-1000
1365,9150.4,227.669,0.725,73.175,188.279,336.336,485.356,587.861,772.549,1362.658,0.004
1370,8347,242.611,0.622,83.161,198.254,356.871,519.47,626.258,834.94,1627.03,0.004
1375,7826.6,270.137,0.844,90.838,218.286,390.373,582.203,708.758,967.32,1736.638,0.004
1380,7204.6,274.638,0.66,96.297,222.802,411.737,579.079,687.112,896.033,1443.254,0.004
1385,6914.4,296.196,0.818,99.103,236.459,447.796,636.428,751.363,985.347,1758.038,0.003
1390,6883.4,309.213,0.671,98.606,244.695,463.988,670.288,794.669,1068.121,1793.775,0.003
1395,4098.6,943.693,1.557,124.024,279.1,556.42,1594.708,6695.653,7060.606,7932.96,0.001
1400,464.4,346.576,2.477,163.002,298.774,497.133,679.626,764.49,943.886,1407.605,0.003
1405,9572,213.758,0.691,65.494,170.047,319.268,466.145,557.442,752.259,1594.498,0.005
1410,8662.4,234.35,0.776,71.465,186.972,356.649,509.576,605.563,789.049,1485.984,0.004
1415,8044.8,258.032,0.73,86.265,209.071,387.432,550.988,660.609,871.822,1421.07,0.004
1420,7498.4,270.877,1.3,87.775,216.911,409.033,583.127,690.956,904.926,1671.936,0.004
1425,6872.8,300.104,0.878,105.311,244.702,444.284,635.91,754.695,988.699,1804.844,0.003
1430,6832.8,297.469,0.663,92.728,232.102,451.367,649.655,769.706,1014.228,2047.276,0.003
1435,6088.2,588.589,0.787,109.063,263.369,526.33,805.104,1064.485,7956.937,9062.347,0.002
1440,280.6,5378.589,1.353,138.518,7442.066,7539.024,7609.257,7876.066,8138.26,8469.586,0
1445,4139,261.352,0.863,89.77,212.16,389.865,559.866,659.793,862.449,1759.701,0.004
1450,8109.2,246.219,0.623,70.431,197.203,374.131,536.253,647.803,872.259,1508.145,0.004
1455,8451.6,243.905,0.532,78.492,196.105,364.683,527.509,629.543,835,1952.286,0.004
1460,7762.8,264.973,0.632,87.073,217.707,399.931,565.045,663.852,882.853,1382.042,0.004
1465,7279.8,283.001,0.787,97.236,228.423,427.933,599.887,706.282,925.361,1719.863,0.004
1470,6756.2,302.55,0.974,97.031,239.116,457.807,655.625,778.054,1020.481,1799.87,0.003
1475,6469.8,319.672,0.854,110.671,255.056,477.726,675.421,798.792,1053.619,2868.507,0.003
1480,4435.4,462.369,0.97,119.269,297.031,583.71,1121.451,1701.844,2251.976,2970.944,0.002
1485,1955,2571.382,0.88,114.339,298.42,674.659,11278.577,11420.511,11721.922,12575.309,0
1490,0,-0.001,-0.001,-0.001,-0.001,-0.001,-0.001,-0.001,-0.001,-0.001,-1000
1495,4731.2,225.452,0.533,77.458,188.459,331.797,479.354,575.144,761.283,1221.004,0.004
1500,9171.8,225.463,0.552,72.619,184.259,332.537,486.602,584.45,777.259,1609.821,0.004
1505,8405.2,241.871,0.553,77.238,191.992,365.135,527.256,628.232,817.196,1503.347,0.004
1510,8014.8,256.407,0.503,90.112,211.675,381.533,537.215,636.057,855.076,1412.557,0.004
1515,7208,284.396,0.695,96.864,227.093,426.389,603.857,718.238,955.971,1814.907,0.004
1520,6932.6,294.181,0.856,90.08,232.748,447.531,640.968,757.642,999.073,2024.552,0.003
1525,6639.2,315.623,1.052,97.953,242.482,478.953,692.273,824.11,1093.228,2078.61,0.003
1530,4444.2,451.063,1.567,115.402,271.169,555.947,1059.433,1775.884,2205.007,3161.516,0.002
1535,3604.6,761.806,1.46,107.287,286.995,626.185,3945.092,4232.918,4585.545,5459.908,0.001
1540,5888,228.456,0.698,71.774,184.043,337.309,492.482,598.784,801.567,1305.345,0.004
1545,9056.2,226.601,0.752,71.802,180.624,341.628,494.012,586.225,775.486,1451.434,0.004
1550,8543.2,239.203,0.892,84.866,194.948,358.518,504.414,595.661,776.406,1444.483,0.004
1555,7882.2,262.566,0.88,84.138,209.393,392.743,570.14,676.448,884.435,1614.18,0.004
1560,7246.2,279.636,0.78,103.696,230.167,413.392,581.871,688.891,903.413,1608.937,0.004
1565,5109.6,780.557,0.601,104.077,257.014,507.928,881.055,6214,6727.097,17055.931,0.001
1570,445.4,1474.427,5.708,193.574,405.178,684.013,10780.297,10881.261,10900.43,11290.998,0.001
1575,797.4,4771.392,0.983,120.365,466.01,10241.897,10445.721,10533.088,10702.451,11037.087,0
1580,0,-0.001,-0.001,-0.001,-0.001,-0.001,-0.001,-0.001,-0.001,-0.001,-1000
1585,8030,222.806,0.55,72.4,178.353,334.31,474.846,578.631,770.845,1541.424,0.004
1590,8804.4,232.133,0.582,82.277,194.085,339.875,494.267,591.091,776.035,1289.346,0.004
1595,8189.6,251.219,0.711,89.5,203.787,371.782,528.609,629.711,846.426,1491.237,0.004
1600,7926.6,259.782,0.649,87.102,207.661,390.759,557.881,656.48,870.108,1541.954,0.004
1605,6991,293.978,0.995,102.573,234.716,432.334,628.09,744.959,1008.641,1997.241,0.003
1610,7054.6,289.46,0.585,82.78,220.55,439.598,645.521,775.47,1049.436,1972.11,0.003
1615,6487.4,316.066,0.887,100.955,247.262,477.449,683.11,811.193,1061.586,1884.034,0.003
1620,6133.4,337.523,1.13,114.36,262.298,508.245,727.735,851.305,1118.8,1975.084,0.003
1625,5770,354.507,0.851,107.071,273.504,535.375,787.097,937.789,1246.751,2348.828,0.003
1630,5817.6,350.253,0.96,99.042,272.219,540.565,776.931,917.908,1206.41,1961.377,0.003
1635,5434.2,377.91,0.875,114.439,296.002,571.462,825.52,978.823,1314.304,2453.345,0.003
1640,5235.8,393.415,1.511,126.644,305.392,604.22,843.595,991.998,1308.873,2209.238,0.003
1645,5520.6,371.021,0.887,113.498,287.137,573.25,804.4,952.247,1272.827,2032.802,0.003
1650,7495.6,266.976,0.892,89.867,216.051,400.324,568.549,678.375,893.028,1541.371,0.004
1655,4376.8,1046.368,0.82,108.608,271.066,498.31,956.324,8423.108,8705.835,10509.064,0.001
1660,0,-0.001,-0.001,-0.001,-0.001,-0.001,-0.001,-0.001,-0.001,-0.001,-1000
1665,4668.8,360.769,0.862,122.627,272.316,515.578,719.142,865.052,1311.956,4448.295,0.003
1670,3060.6,626.908,0.883,93.21,231.255,467.053,3122.76,3376.557,3679.508,4314.301,0.002
1675,9226.6,220.35,0.711,70.031,174.768,331.43,476.568,572.166,765.072,1278.096,0.005
1680,8795.6,232.128,0.788,79.196,187.827,348.02,495.335,585.961,780.206,1574.105,0.004
1685,7850.2,262.619,0.694,89.275,212.639,392.797,562.654,665,866.002,1822.32,0.004
1690,7421.2,279.543,0.861,86.829,221.843,417.889,604.886,728.689,988.063,1707.076,0.004
1695,7030.6,294.445,0.612,97.25,235.375,445.446,627.206,744.245,985.645,1617.152,0.003
1700,6414.6,316.225,0.794,106.347,253.278,475.52,680.198,795.579,1053.115,1785.314,0.003
1705,6361,327.213,0.935,109.722,260.319,485.779,708.455,841.684,1088.484,1790.823,0.003
1710,5612.6,358.256,0.784,111.078,278.864,542.595,773.355,926.053,1267.707,2303.987,0.003
1715,3285.2,1538.003,0.735,119.09,307.676,649.998,9761.017,10141.32,10284.276,11081.587,0.001
1720,0,-0.001,-0.001,-0.001,-0.001,-0.001,-0.001,-0.001,-0.001,-0.001,-1000
1725,4288.8,238.644,1.052,75.519,182.449,356.261,527.318,632.86,866.923,1577.148,0.004
1730,8585.6,243.582,0.486,80.26,202.689,357.056,518.001,623.501,846.138,1615.908,0.004
1735,8311.2,246.352,0.588,78.197,193.969,367.906,535.879,642.968,859.528,1596.553,0.004
1740,7560.8,272.261,0.619,90.478,219.199,408.1,584.378,690.475,910.94,1662.731,0.004
1745,5737.6,365.085,1.389,107.219,256.871,496.293,818.209,1166.301,1592.129,2454.917,0.003
1750,6593,303.773,1.111,103.931,234.552,452.889,655.153,783.631,1060.174,1822.077,0.003
1755,3636.6,743.029,0.924,114.588,283.151,566.141,3980.934,4263.86,4466.069,5104.01,0.001
1760,5639.2,243.214,0.991,79.36,196.669,362.551,522.097,627.196,842.145,1703.207,0.004
1765,8418.6,240.598,0.604,70.668,191.497,360.851,528.059,630.966,849.674,1454.297,0.004
1770,8130.6,255.313,0.927,87.289,204.63,383.56,544.226,646.195,840.037,1690.933,0.004
1775,7697.4,261.353,0.888,86.05,208.176,389.755,561.972,662.618,898.721,1654.982,0.004
1780,6924,302.658,0.894,95.146,242.021,460.153,654.231,775.94,1012.099,1981.821,0.003
1785,6706.2,300.351,0.799,97.864,236.824,454.889,642.491,765.237,1033.584,1947.659,0.003
1790,6387.4,325.329,1.014,108.579,258.762,490.641,688.135,815.587,1095.219,2023.992,0.003
1795,6200.8,334.803,0.79,108.331,262.32,511.664,717.665,841.327,1123.81,1942.237,0.003
1800,5575.6,361.643,0.513,107.779,279.052,549.908,791.521,941.031,1285.679,2214.904,0.003
1805,3812.4,1287.772,0.664,97.695,289.778,638.277,8878.744,9207.857,9701.582,10711.282,0.001
1810,0,-0.001,-0.001,-0.001,-0.001,-0.001,-0.001,-0.001,-0.001,-0.001,-1000
1815,4613.4,262.906,1.115,89.469,216.314,389.292,554.141,666.621,885.576,1424.155,0.004
1820,8059.4,252.848,0.659,79.873,196.941,380.924,554.639,662.993,878.632,1564.1,0.004
1825,6935.2,299.218,0.768,84.279,220.324,444.94,685.932,835.924,1127.014,2053.767,0.003
1830,7129.8,291.631,1.263,103.178,232.679,436.795,612.191,720.299,940.085,6535.198,0.003
1835,1516.4,1605.887,0.814,104.047,279.113,5091.909,5460.507,5612.972,5832.698,6312.186,0.001
1840,4901.4,582.849,0.788,116.166,270.617,512.529,750.59,1007.247,7584.923,8373.564,0.002
1845,317,5257.762,1.322,191.769,7115.962,7223.321,7394.865,7557.917,7814.343,8551.546,0
1850,4734.2,243.106,1.139,79.443,202.429,350.264,519.84,633.618,876.132,1447.588,0.004
1855,8594.6,241.123,0.589,70.338,184.439,363.665,532.678,644.085,877.797,1710.742,0.004
1860,8331.6,248.445,0.776,75.251,198.059,377.113,542.458,644.772,860.959,1910.902,0.004
1865,7592.2,267.084,0.782,79.785,209.754,404.596,583.775,697.47,928.968,1536.891,0.004
1870,7115.8,291.072,0.845,98.738,235.886,430.817,616.618,740.03,994.813,2319.241,0.003
1875,6741.8,305.78,0.828,86.542,237.228,469.655,677.766,809.611,1059.609,1689.5,0.003
1880,6500.4,310.093,0.704,99.95,246.776,470.83,666.329,789.088,1055.024,1664.578,0.003
1885,6062.2,343.101,0.694,111.062,275.548,521.621,727.167,856.1,1130.329,1965.978,0.003
1890,5803.4,352.662,1.71,112.457,281.703,534.673,747.505,883.503,1197.509,2031.673,0.003
1895,5519.2,377.346,0.895,114.213,288.14,577.171,821.402,971.481,1331.324,2358.683,0.003
1900,5356,370.886,0.699,114.507,286.71,563.976,815.008,965.969,1268.397,2515.832,0.003
1905,4894.4,426.784,1.021,137.132,337.556,643.794,896.867,1079.623,1465.361,3084.157,0.002
1910,5098.8,405.072,0.875,124.486,308.246,623.37,881.201,1035.496,1378.243,2425.417,0.002
1915,7106.2,279.543,0.599,95.988,223.479,414.336,598.358,714.799,954.757,1767.981,0.004
1920,7197.6,285.023,0.618,101.136,231.138,418.187,600.754,717.329,937.876,1775.612,0.004
1925,3183,943.779,1.005,112.071,267.348,567.92,5252.366,5397.539,5727.106,7026.938,0.001
1930,2998.8,365.691,1.175,144.997,296.483,539.412,751.185,893.828,1183.316,1830.648,0.003
1935,4645.6,438.253,0.97,88.377,241.512,494.799,930.018,2054.58,2519.057,3281.914,0.002
1940,8108.4,252.23,0.79,77.762,200.688,377.628,550.103,661.849,892.793,1706.243,0.004
1945,8373.8,244.986,0.624,74.113,187.357,367.705,541,651.145,885.659,1665.33,0.004
1950,7393.2,277.983,0.962,89.022,223.167,418.412,600.985,711.425,922.372,1623.484,0.004
1955,7165.6,282.77,0.718,95.337,227.495,425.304,606.096,718.848,937.446,1849.608,0.004
1960,5461,669.083,0.709,104.791,266.265,519.787,862.079,5116.109,5436.63,6312.971,0.001
1965,1341.4,360.18,2.418,166.995,313,485.353,739.944,879.537,1130.665,1656.405,0.003
1970,6255.2,324.472,0.75,89.406,248.636,498.28,728.69,863.601,1158.463,1922.329,0.003
1975,3859.8,785.866,0.786,104.74,288.285,608.339,4394.554,4713.266,5019.64,5859.219,0.001
1980,4080.4,254.623,1.093,93.329,210.313,373.886,535.925,632.8,832.783,1623.306,0.004
1985,8209,249.348,0.558,79.709,202.167,374.545,537.497,635.98,837.385,1457.413,0.004
1990,7927.6,259.547,0.935,83.136,207.498,393.181,561.758,657.097,865.655,1508.041,0.004
1995,7051.8,291.202,0.942,100.174,233.195,437.724,618.874,733.654,971.479,1675.293,0.003
2000,6112,333.92,0.771,104.148,255.213,497.745,750.552,857.207,1219.507,2191.643,0.003
2005,6433.6,317.145,0.646,101.105,248.769,480.954,687.422,811.157,1063.32,1943.639,0.003
2010,6411.8,324.394,0.833,101.911,256.017,493.163,698.622,826.286,1104.14,1917.782,0.003
2015,5687.6,384.155,1.108,127.465,294.927,549.35,783.969,925.593,1271.384,7993.824,0.003
2020,1159.2,2294.609,1.532,77.421,293.917,6216.672,6470.01,6586.353,6812.454,7061.455,0
2025,5234.2,246.323,1.737,91.908,207.003,360.956,496.416,609.471,810.673,1475.9,0.004
2030,8210.4,245.712,0.936,80.373,198.715,368.981,528.325,626.122,824.342,1545.766,0.004
2035,8315,248.036,0.621,83.783,201.209,372.882,530.292,628.806,824.372,1362.328,0.004
2040,7404.8,276.307,0.931,93.079,222.062,415.759,587.281,696.833,915.42,1448.797,0.004
2045,7005.2,293.411,1.043,106.144,242.029,430.359,613.003,732.27,982.696,1782.734,0.003
2050,6596.6,312.439,0.704,95.625,242.256,475.072,680.777,816.294,1107.941,1845.029,0.003
2055,6269.6,323.274,0.621,106.177,258.542,487.66,695.395,816.241,1059.839,1910.247,0.003
2060,5850,354.761,1.091,119.705,276.94,532.597,756.163,906.36,1202.538,2204.632,0.003
2065,5795,352.215,0.912,115.404,279.244,532.499,755.527,898.06,1203.177,2635.953,0.003
2070,5505.2,382.192,0.858,118.914,297.275,582.062,828.879,974.634,1319.688,2176.738,0.003
2075,2871.8,899.402,0.779,106.951,308.542,671.26,4231.334,4480.85,4773.789,5581.273,0.001
2080,5404.8,273.713,1.215,90.057,215.378,397.435,583.726,717.951,1067.4,1722.62,0.004
2085,6618,302.272,0.857,102.513,240.729,453.683,660.874,768.439,965.273,1743.744,0.003
2090,7213,280.285,0.876,93.198,224.263,419.076,603.202,718.368,953.704,1607.774,0.004
2095,2068.2,1244.074,1.045,102.036,263.294,582.508,5222.332,5495.797,5709.967,6287.006,0.001
2100,4358.6,354.678,1.11,126.081,279.583,535.812,754.031,877.93,1187.461,2181.512,0.003
2105,6778.6,303.862,0.844,87.324,230.249,464.238,676.793,810.676,1092.747,2053.794,0.003
2110,6135.2,334.585,1.152,100.472,262.657,508.501,728.292,872.864,1169.56,1958.98,0.003
2115,6565.4,305.877,0.988,95.104,241.009,458.1,670.257,795.697,1076.146,1794.672,0.003
2120,7250.4,284.009,0.859,99.589,225.409,421.593,607.524,726.271,947.363,1653.173,0.004
2125,7335.2,284.321,0.884,94.426,225.326,426.129,608.77,727.85,969.412,1746.934,0.004
2130,6612,307.302,0.57,90.732,238.171,463.648,679.277,810.099,1096.327,1804.231,0.003
2135,6516.4,311.598,0.977,90.599,245.426,479.668,682.481,804.844,1073.627,1938.82,0.003
2140,6108.6,335.169,0.973,107.064,263.28,509.114,723.538,856.039,1135.061,2108.606,0.003
2145,5639.8,373.259,1.104,122.27,291.363,554.476,793.337,936.771,1253.368,8843.78,0.003
2150,1472.6,2195.177,1.167,80.375,255.141,7089.614,7486.762,7622.255,7952.16,8714.634,0
2155,2975.2,263.186,1.515,84.255,207.543,396.276,575.405,677.249,894.4,1485.661,0.004
2160,8597.2,237.194,0.817,79.868,191.197,353.898,507.6,605.722,802.434,1650.966,0.004
2165,8079.4,253.622,0.837,81.104,200.838,379.647,552.963,656.525,872.146,1640.52,0.004
2170,7867.8,262.833,1.003,92.435,210.762,386.934,558.735,669.356,892.595,1392.014,0.004
2175,6977.6,295.039,0.73,105.043,236.933,439.575,628.062,740.496,963.783,1648.474,0.003
2180,7009,323.322,0.913,89.401,232.899,445.941,660.756,820.941,2120.817,3315.353,0.003
2185,4194.8,450.569,1.416,126.299,299.004,580.369,946.538,1755.942,2267.042,3060.067,0.002
2190,4490.8,1536.015,1.038,104.968,277.425,560.099,1055.974,13760.87,14084.393,14706.453,0.001
2195,0,-0.001,-0.001,-0.001,-0.001,-0.001,-0.001,-0.001,-0.001,-0.001,-1000
2200,0,-0.001,-0.001,-0.001,-0.001,-0.001,-0.001,-0.001,-0.001,-0.001,-1000
2205,4405.2,340.341,1.006,86.95,216.819,404.865,793.831,1376.425,1638.131,2395.763,0.003
2210,6898.2,254.322,0.894,88.219,211.539,379.351,535.88,639.323,826.296,1416.851,0.004
2215,8204.6,250.378,0.963,83.131,199.431,371.431,538.679,643.803,875.861,1526.549,0.004
2220,7481.4,274.418,0.602,86.386,219.519,414.393,595.244,709.458,933.028,1598.552,0.004
2225,7124,289.12,1.053,103.864,234.99,436.556,603.35,700.605,925.888,2285.866,0.003
2230,6685.6,306.29,0.966,88.552,232.03,469.058,680.122,813.023,1088.394,2312.307,0.003
2235,6243.8,332.538,1.009,113.963,267.04,506.521,701.705,824.457,1095.964,1915.24,0.003
2240,5660.8,361.643,1.465,111.944,287.374,550.724,784.252,927.134,1214.396,7410.388,0.003
2245,1526.4,1819.384,0.989,126.736,338.267,5718.266,6169.132,6299.346,6506.09,7162.955,0.001
2250,5202.4,245.135,1.046,90.094,206.568,362.475,509.361,607.589,793.985,1443.625,0.004
2255,8101.2,251.144,0.93,72.298,195.544,379.371,557.646,672.325,884.987,1643.074,0.004
2260,8056.4,255.744,0.599,81.068,203.488,383.756,552.649,664.8,880.104,1669.142,0.004
2265,7331.4,275.349,0.865,96.993,224.252,410.933,579.505,684.465,894.129,1487.431,0.004
2270,6987.8,298.042,1.035,107.002,238.541,445.076,626.368,739.325,985.175,1675.689,0.003
2275,4073,594.441,1.231,114.045,272.753,534.95,2904.004,3207.827,3617.462,4443.925,0.002
2280,4699.8,528.877,1.339,124.962,281.095,546.141,802.33,1020.613,5936.766,6877.325,0.002
2285,374.4,3627.304,1.5,79.676,5322.584,5491.317,5699.591,5832.969,6087.264,6305.705,0
2290,7501.4,250.185,0.824,76.293,198.197,376.518,546.387,654,868.847,1600.428,0.004
2295,8437,243.263,0.658,74.327,189.059,364.701,534.513,641.282,860.742,1554.681,0.004
2300,7791.4,265.341,0.733,88.543,209.583,398.427,573.311,676.764,895.079,1829.851,0.004
2305,7357.2,281.711,1.113,94.804,223.519,421.461,599.276,714.278,959.127,1821.879,0.004
2310,6642,305.989,0.88,100.947,241.576,460.613,660.047,784.935,1007.739,1935.92,0.003
2315,6685.4,304.906,0.946,98.68,241.735,459.513,655.835,784.934,1032.207,2002.183,0.003
2320,6239.8,328.339,1.186,103.689,258.811,497.578,711.842,844.818,1119.21,2045.763,0.003
2325,5757.8,362.219,0.954,115.798,287.314,544.526,776.941,929.624,1272.765,2378.275,0.003
2330,5550,374.913,1.606,105.337,281.751,578.051,835.535,992.298,1334.698,2548.334,0.003
2335,5406.2,372.205,0.812,110.875,295.909,569.199,807.172,963.217,1299.479,2291.83,0.003
2340,5318.6,379.487,1.022,120.603,290.716,586.783,813.089,954.285,1309.212,2445.547,0.003
2345,7569.6,270.775,0.884,95.869,220.089,398.386,575.867,688.82,917.817,1689.702,0.004
2350,7374,276.546,0.837,87.193,216.156,408.739,606.553,734.49,978.806,2126.62,0.004
2355,6981.6,406.166,0.951,106.699,240.354,442.564,627.204,763.065,7594.477,8415.981,0.002
2360,563.6,3899.691,0.7,73.505,7060.369,7246.024,7386.449,7520.851,7840.691,8368.556,0
2365,3207,360.077,1.497,124.142,291.227,535.928,760.58,897.699,1145.969,9248.728,0.003
2370,1578.8,2251.51,1.299,131.44,352.164,7564.951,7946.829,8151.901,8269.922,8938.265,0
2375,1931.8,250.908,1.273,93.614,217.572,369.747,511.97,600.698,762.648,1116.639,0.004
2380,8959,227.922,0.784,77.139,186.353,330.575,484.903,583.103,780.314,1456.431,0.004
2385,8376.8,242.595,0.561,83.814,201.088,360.015,510.663,609.059,811.077,1592.07,0.004
2390,7651,270.5,0.859,90.019,212.988,400.025,585.99,704.247,935.421,1676.143,0.004
2395,7715.8,272.722,0.941,93.363,220.453,413.668,588.718,673.266,877.603,1585.288,0.004
2400,6244.6,319.338,1.099,111.738,265.027,473.42,675.243,805.377,1060.214,1845.298,0.003
2405,6721.2,307.873,0.786,87.446,235.064,470.213,687.671,813.142,1087.275,1999.569,0.003
2410,6107.2,339.331,0.953,107.18,262.626,518.816,734.662,865.766,1150.353,2118.523,0.003
2415,5917.4,345.24,0.971,111.234,275.561,522.663,734.102,869.915,1151.065,1951.105,0.003
2420,5546.4,377.265,0.775,121.329,300.256,571.241,817.147,969.6,1257.097,2412.184,0.003
2425,5284.6,377.263,0.774,119.732,291.947,569.957,819.728,977.676,1326.724,2368.038,0.003
2430,4705.2,970.556,0.831,129.087,318.892,658.605,1192.013,7277.203,7633.122,8631.543,0.001
2435,0,-0.001,-0.001,-0.001,-0.001,-0.001,-0.001,-0.001,-0.001,-0.001,-1000
2440,5634,276.266,0.774,89.663,218.615,408.674,596.171,718.474,967.36,1711.574,0.004
2445,7719,260.493,0.834,85.989,207.275,388.3,566.577,670.15,886.525,1696.054,0.004
2450,7277,293.321,1.18,98.393,237.523,436.105,627.587,741.782,970.304,1910.633,0.003
2455,3592.6,929.182,0.855,104.343,259.462,521.453,5755.551,5990.013,6440.707,7142.965,0.001
2460,2143.2,335.209,0.709,117.207,264.181,513.083,712.965,824.799,1086.015,1611.998,0.003
2465,2885.8,1411.356,1.578,123.444,277.721,544.724,8065.113,8361.863,8698.132,9073.363,0.001
2470,0,-0.001,-0.001,-0.001,-0.001,-0.001,-0.001,-0.001,-0.001,-0.001,-1000
2475,8248.2,247.94,0.781,83.309,202.131,368.747,528.627,627.025,831.131,1332.009,0.004
2480,8292,245.909,0.933,73.107,191.351,368.369,543.065,659.127,888.664,1465.069,0.004
2485,7858.6,261.802,0.526,90.935,212.575,391.943,555.244,658.327,866.011,1430.924,0.004
2490,7189.2,288.612,0.985,101.64,234.222,431.108,613.082,717.311,944.675,1797.419,0.003
2495,6685.4,304.671,1.007,98.503,242.404,460.555,655.028,775.778,1022.188,1978.496,0.003
2500,6541.8,312.267,1.026,101.221,248.981,474.394,674.171,795.738,1031.389,1774.679,0.003
2505,6231.6,334.48,0.777,122.477,268.233,500.305,703.82,820.17,1089.445,1776.04,0.003
2510,3444.2,1517.498,0.892,107.877,312.566,662.267,9988.521,10240.185,10754.521,11811.197,0.001
2515,0,-0.001,-0.001,-0.001,-0.001,-0.001,-0.001,-0.001,-0.001,-0.001,-1000
2520,3370.2,258.319,1.113,83.577,207.176,384.561,560.486,666.195,876.047,1448.852,0.004
2525,8760,236.545,0.848,76.09,188.743,351.796,513.555,612.997,821.902,1387.115,0.004
2530,8062.6,252.465,0.838,87.948,207.665,375.728,531.055,630.576,830.788,1495.53,0.004
2535,7645.8,271.052,0.78,92.334,218.393,406.613,580.555,684.752,892.024,1340.235,0.004
2540,6962.6,482.784,1.247,98.594,241.872,456.623,708.274,3636.711,4057.855,5190.235,0.002
2545,1956.4,362.49,1.602,127.779,277.886,542.472,739.051,852.469,1166.636,4766.929,0.003
2550,6375.8,324.509,0.992,101.998,248.693,492.622,717.232,846.554,1122.921,1983.593,0.003
2555,6422.8,620.285,0.769,99.146,252.753,493.011,790.029,1143.079,7498.777,8577.881,0.002
2560,146.2,6134.138,2.227,7084.287,7121.748,7428.36,7622.416,7730.14,7897.581,8086.79,0
2565,4383.2,278.335,0.856,95.691,227.052,414.344,592.648,707.928,940.735,1615.459,0.004
2570,7850.8,261.801,0.86,90.441,213.588,393.666,554.649,659.162,856.74,1470.704,0.004
2575,7432.6,300.409,0.862,95.569,226.939,421.873,623.282,786.785,1395.243,2117.951,0.003
2580,5312.6,356.216,0.731,119.923,261.541,502.198,763.227,1052.278,1495.885,1840.75,0.003
2585,6736.2,300.907,0.902,94.536,241.752,454.157,652.055,775.614,1019.403,1724.166,0.003
2590,6368.2,325.146,0.795,109.138,261.507,489.7,693.127,819.261,1060.4,1936.433,0.003
2595,2645.2,1082.346,0.986,118.344,311.981,667.835,5128.051,5396.202,5732.147,6845.304,0.001
2600,4571.8,260.913,0.859,93.706,219.404,391.123,523.907,625.118,854.246,1417.188,0.004
2605,8358.2,246.489,1.046,86.377,198.866,367.267,523.495,624.778,826.686,1434.515,0.004
2610,7729.6,263.906,0.72,89.499,213.741,395.142,564.09,665.8,872.453,1656.058,0.004
2615,7293.8,283.419,0.784,90.041,218.032,431.305,619.907,734.934,964.947,1618.465,0.004
2620,7032.6,290.441,0.687,101.698,238.507,430.577,611.964,731.68,978.117,1643.066,0.003
2625,6667.6,310,0.953,96.346,243.06,469.47,675.125,796.656,1054.407,1768.462,0.003
2630,6414.6,318.257,0.75,117.058,257.249,475.712,669.082,784.889,1019.542,1646.994,0.003
2635,5690.6,355.771,0.908,100.613,275.015,536.79,794.371,953.68,1297.821,2154.62,0.003
2640,5905,360.121,1.094,107.03,271.94,552.053,798.744,953.456,1278.739,2177.907,0.003
2645,5565.8,361.625,0.718,110.66,278.447,552.299,796.015,944.217,1226.572,2249.467,0.003
2650,6983.8,289.26,0.933,98.149,231.058,431.409,624.862,748.563,990.634,1624.728,0.003
2655,7297.8,281.916,0.964,100.821,226.276,414.808,605.422,718.872,949.548,1896.922,0.004
2660,4586.2,451.624,1.027,98.786,240.864,471.885,878.098,2240.332,2646.214,3426.638,0.002
2665,4578.8,888.997,1.584,117.417,280.162,537.212,976.882,6738.307,7156.597,8288.482,0.001
2670,0,-0.001,-0.001,-0.001,-0.001,-0.001,-0.001,-0.001,-0.001,-0.001,-1000
2675,4864.6,945.05,0.987,114.359,289.603,608.318,1127.459,7431.025,7861.777,8865.869,0.001
2680,0,-0.001,-0.001,-0.001,-0.001,-0.001,-0.001,-0.001,-0.001,-0.001,-1000
2685,6059,249.489,0.892,87.631,208.878,364.794,529.301,630.737,837.229,1477.796,0.004
2690,8288,245.849,0.686,79.53,200.067,365.413,527.732,631.078,848.115,1460.816,0.004
2695,8003.2,255.075,0.769,78.34,195.9,384.819,562.462,674.402,916.725,1543.777,0.004
2700,7169.6,289.349,0.601,106.15,231.971,430.838,607.661,721.639,954.713,1740.57,0.003
2705,6971,295.574,0.603,101.891,238.842,442.95,627.189,741.596,976.95,1929.923,0.003
2710,6438.8,316.744,0.898,97.382,250.655,482.553,684.582,810.915,1086.429,1785.227,0.003
2715,6310,326.02,1.256,116.098,267.853,490.416,671.491,790.849,1065.951,2105.945,0.003
2720,5823.6,353.217,1.048,108.459,272.312,533.356,775.973,929.225,1219.621,2031.62,0.003
2725,5721,359.401,0.713,113.744,280.656,541.073,781.516,941.521,1266.073,1982.468,0.003
2730,5433,377.06,1.155,107.521,282.934,582.811,838.781,996.991,1334.189,2313.227,0.003
2735,6936.6,291.578,0.976,90.066,222.385,437.209,647.372,781.38,1053.391,2263.646,0.003
2740,7207.2,281.658,1.304,95.756,222.884,420.284,605.304,719.924,943.727,1675.478,0.004
2745,7041,293.689,1.111,100.423,236.279,439.238,623.667,738.341,967.457,1708.918,0.003
2750,2745.2,975.597,1.328,107.388,280.25,603.861,4749.103,4975.445,5274.398,5920.251,0.001
2755,4256.4,330.145,0.909,128.31,273.14,493.579,676.639,783.107,1007.778,1895.913,0.003
2760,6496.8,318.257,0.812,98.549,247.187,479.115,704.15,846.794,1111.042,1871.77,0.003
2765,5947.8,347.588,1.027,117.746,283.893,523.805,724.358,859.367,1184.958,1977.786,0.003
2770,3496.8,1131.951,0.912,114.796,296.862,616.079,6933.124,7230.806,7705.392,8510.49,0.001
2775,249.6,343.347,12.892,115.471,350.358,510.745,640.409,734.07,943.162,1352.914,0.003
2780,8223.4,242.694,0.608,80.255,194.485,362.668,519.761,623.792,838.833,1484.296,0.004
2785,8207.2,252.98,0.684,84.859,209.064,374.864,536.593,638.773,844.788,1526.459,0.004
2790,7443.2,272.028,0.916,91.893,217.434,410.221,579.765,686.846,899.171,1683.488,0.004
2795,6858.8,299.801,0.68,96.125,236.299,453.849,649.428,773.046,1014.244,1700.868,0.003
2800,6576.8,313.527,0.98,108.321,250.69,469.071,664.758,792.559,1050.204,2051.552,0.003
2805,2726.2,838.051,0.651,87.321,258.408,586.843,3893.464,4184.254,4420.728,5191.562,0.001
2810,4974,362.872,1.362,128.815,296.859,543.249,753.834,895.911,1183.777,2272.81,0.003
2815,3516.6,1158.137,0.839,129.434,301.059,573.681,7248.424,7649.337,7946.724,8833.356,0.001
2820,0,-0.001,-0.001,-0.001,-0.001,-0.001,-0.001,-0.001,-0.001,-0.001,-1000
2825,8038,256.598,0.869,81.548,205.671,377.36,556.612,676.867,905.949,1662.102,0.004
2830,8255.6,246.02,0.705,85.269,198.878,366.813,522.052,622.41,823.327,1649.806,0.004
2835,7578.4,268.696,1.023,82.017,208.186,405.153,594.095,711.597,947.116,1757.745,0.004
2840,7314.4,284.043,0.836,88.86,226.966,423.212,619.912,739.933,986.734,1829.492,0.004
2845,6680,307.964,0.727,99.212,246.872,464.333,663.677,786.053,1031.499,1764.276,0.003
2850,6732.2,308.647,0.879,103.659,250.052,459.425,654.985,789.547,1066.136,1933.971,0.003
2855,5064.4,733.773,1.472,121.057,299.643,591.656,1004.887,5108.342,5568.021,6664.101,0.001
2860,1089.8,308.088,0.91,121.384,260.63,439.258,626.947,763.76,986.561,1484.186,0.003
2865,8301.6,244.578,1.04,84.973,197.32,362.324,522.053,622.398,823.603,1322.386,0.004
2870,8251.4,248.181,0.844,80.292,202.381,369.787,534.337,639.578,845.713,1414.694,0.004
2875,7529.2,274.565,0.984,91.197,220.724,410.221,589.086,698.916,925.734,1600.893,0.004
2880,7066.8,290.567,0.735,103.714,236.577,433.446,607.202,714.861,963.243,1711.996,0.003
2885,6413,318.536,1.233,103.925,258.371,480.046,678.05,803.72,1067.818,1941.055,0.003
2890,5558.8,482.601,1.009,103.122,255.447,504.794,849.713,2716.914,3194.475,4106.448,0.002
2895,3875,362.883,0.935,126.543,291.939,548.361,763.223,900.167,1168.007,10228.539,0.003
2900,1646.6,2511.223,1.528,104.885,317.776,1164.126,9282.962,9481.456,9839.81,10443.054,0
2905,0,-0.001,-0.001,-0.001,-0.001,-0.001,-0.001,-0.001,-0.001,-0.001,-1000
2910,7966,250.468,0.919,88.567,206.097,368.673,527.317,632.447,826.925,1690.155,0.004
2915,7933.6,259.37,0.716,88.162,209.307,385.495,553.7,663.227,879.058,1628.977,0.004
2920,7602.6,267.008,0.67,78.033,202.004,403.653,597.673,722.711,960.013,1804.716,0.004
2925,7381.6,278.761,0.955,98.712,228.665,415.581,581.982,692.304,919.949,1691.222,0.004
2930,6432.2,319.719,0.828,103.458,253.596,483.377,687.338,815.399,1099.41,2120.803,0.003
2935,6498.6,310.853,1.262,97.839,250.012,469.137,669.056,794.811,1051.559,1891.475,0.003
2940,6053,343.922,1.019,121.016,278.875,511.878,722.989,859.9,1145.831,2279.581,0.003
2945,5655.4,401.913,1.24,113.252,285.294,545.455,788.08,948.476,1349.977,11702.041,0.002
2950,918.4,4344.607,1.028,92.271,369.129,10010.704,10257.148,10358.757,10545.359,11172.791,0
2955,0,-0.001,-0.001,-0.001,-0.001,-0.001,-0.001,-0.001,-0.001,-0.001,-1000
2960,7287.4,263.196,0.922,97.222,218.296,386.905,548.246,655.753,867.657,1485.928,0.004
2965,8047.8,251.43,0.788,78.02,200.975,379.35,543.891,652.369,869.301,1552.653,0.004
2970,7405,275.687,0.942,94.651,224.399,411.829,585.028,693.792,906.786,1623.419,0.004
2975,7075,293.576,1.169,98.556,236.473,438.111,623.467,745.688,996.501,1930.271,0.003
2980,6645,305.307,1.127,93.104,237.879,465.877,663.824,798.445,1057.803,1972.655,0.003
2985,6474.4,326.658,0.771,111.172,267.51,484.202,694.547,817.505,1082.345,1915.111,0.003
2990,6022.8,335.539,1.24,109.336,267.189,510.535,714.557,845.432,1115.55,1825.272,0.003
2995,5612.8,365.669,0.996,122.528,286.03,552.874,786.942,934.35,1227.558,2132.863,0.003
3000,3421.8,1548.656,0.909,124.3,332.374,680.933,10105.761,10378.873,10652.19,12040.605,0.001
3005,0,-0.001,-0.001,-0.001,-0.001,-0.001,-0.001,-0.001,-0.001,-0.001,-1000
3010,3082,259.053,1.044,85.379,211.373,387.016,556.608,663.525,893.291,1457.474,0.004
3015,8085.8,252.698,0.664,83.233,207.571,372.069,538.408,645.319,860.061,1648.93,0.004
3020,8199.6,250.13,0.788,81.73,199.857,375.126,539.565,642.019,851.8,1898.786,0.004
3025,7345.8,279.7,0.857,90.654,224.746,418.308,605.556,713.805,949.404,1532.748,0.004
3030,7052.6,296.465,0.453,96.218,236.942,444.35,634.214,759.594,1022.628,8882.165,0.003
3035,2219.8,1581.382,0.828,104.544,294.879,678.723,7224.112,7467.195,7835.503,8445.86,0.001
3040,1537,355.384,2.065,148.343,294.202,516.971,707.551,837.858,1123.951,2005.117,0.003
3045,6012.4,340.897,0.503,93.821,263.774,518.492,753.637,901.632,1218.563,9267.442,0.003
3050,1265.8,2727.626,0.723,112.653,339.118,7799.051,8044.245,8228.467,8502.426,8986.966,0
3055,2155.6,288.675,1.42,107.862,247.031,427.672,596.233,697.923,900.972,1462.532,0.003
3060,8386.8,246.116,0.788,87.207,200.072,365.119,521.108,618.527,815.783,1435.345,0.004
3065,7769,263.382,0.906,92.206,214.8,389.6,556.047,660.717,882.465,2374.61,0.004
3070,6464.6,321.54,1.039,89.427,224.957,440.771,752.752,1002.952,1418.111,2261.986,0.003
3075,6758.6,302.211,0.562,105.316,237.198,452.806,644.905,768.55,1042.869,1790.293,0.003
3080,6682.8,301.814,0.73,92.116,232.377,455.819,665.222,795.061,1045.468,1638.773,0.003
3085,6493.4,313.057,0.561,90.514,247.353,474.708,684.658,824.64,1109.74,2048.932,0.003
3090,4789.2,799.377,1.639,128.375,307.799,600.92,1027.777,5603.895,6037.027,6707.625,0.001
3095,829.6,342.402,2.861,151.744,300.694,483.799,659.93,798.697,1052.69,1398.243,0.003
3100,8039.8,253.071,0.812,90.306,209.136,372.047,533.919,633.24,837.53,1639.288,0.004
3105,7964,260.381,0.972,84.257,208.932,389.597,561.754,669.324,896.457,1458.985,0.004
3110,7234.6,281.193,0.82,92.211,222.694,419.839,604.637,719.746,994.965,1841.452,0.004
3115,6958,294.242,1.048,104.826,244.932,433.838,616.996,732.049,963.272,1598.061,0.003
3120,4823,422.802,1.07,112.241,276.936,513.627,1007.936,1620.107,1978.969,3070.451,0.002
3125,5965.8,343.551,1.074,113.957,274.65,513.442,734.447,874.146,1165.757,2309.911,0.003
3130,6198.4,331.538,0.608,98.738,258.803,504.839,730.493,861.214,1157.9,2010.911,0.003
3135,5914.4,340.219,0.976,107.12,262.598,509.404,741.988,892.164,1215.018,2143.013,0.003
3140,7739.4,267.664,0.592,87.025,211.315,400.009,583.763,698.189,933.594,1705.922,0.004
3145,7258.4,282.45,0.864,96.51,229.309,422.378,597.866,710.412,931.039,1758.951,0.004
3150,7292,280.996,0.828,96.827,228.567,417.593,594.686,704.531,925.88,1517.465,0.004
3155,6472.6,323.803,0.929,108.879,258.605,489.705,693.032,818.885,1099.361,1837.754,0.003
3160,6395,317.759,0.75,93.902,242.848,486.512,702.336,841.596,1117.302,2071.687,0.003
3165,5789,348.356,0.949,116.263,278.937,529.026,738.664,871.109,1146.781,2130.104,0.003
3170,5647.8,416.548,1.149,112.093,281.938,557.171,909.902,1466.862,1956.607,3025.377,0.002
3175,4202.4,1285.991,2.187,143.544,351.156,684.793,1515.892,9633.536,9980.83,10715.4,0.001
3180,0,-0.001,-0.001,-0.001,-0.001,-0.001,-0.001,-0.001,-0.001,-0.001,-1000
3185,1523.2,266.02,1.719,91.348,226.766,394.904,560.054,659.676,861.851,1773.735,0.004
3190,8535.8,241.097,1.022,82.339,198.228,358.063,511.133,614.786,805.374,1327.675,0.004
3195,8526.8,243.288,0.818,78.242,194.293,364.127,525.498,624.37,828.965,1399.438,0.004
3200,7645.4,265.94,0.943,85.636,211.67,398.896,576.241,690.617,900.992,1489.829,0.004
3205,7428.2,277.516,1.333,90.146,220.324,416.922,597.458,712.553,949.956,2252.023,0.004
3210,6588,310.505,0.788,107.599,252.159,462.076,656.341,776.327,1035.756,1809.641,0.003
3215,6420,325.007,0.969,104.657,252.492,484.975,700.022,845.209,1153.83,2062.637,0.003
3220,6085,332.419,1.04,104.238,259.372,508.888,717.764,853.758,1141.686,1939.742,0.003
3225,5596.6,372.143,0.929,119.976,298.829,548.803,805.857,964.593,1316.738,2749.713,0.003
3230,5514.2,373.954,1.453,110.889,290.715,565.113,801.77,938.664,1255.687,11111.029,0.003
3235,1293.4,3221.15,1.703,146.735,381.487,9388.913,9804.776,9944.845,10176.753,10725.345,0
3240,0,-0.001,-0.001,-0.001,-0.001,-0.001,-0.001,-0.001,-0.001,-0.001,-1000
3245,5124,369.086,0.961,110.474,243.655,460.291,786.63,1422.609,1753.305,2447.369,0.003
3250,7863.2,261.689,0.954,85.056,209.499,393.988,563.137,668.336,883.572,1431.02,0.004
3255,7304.8,277.866,0.889,100.769,228.391,411.812,585.566,697.145,917.274,1619.676,0.004
3260,6939.2,299.781,0.88,94.58,238.654,452.751,644.69,770.804,1030.554,4151.068,0.003
3265,2485.8,2101.199,0.513,124.176,337.318,2837.459,8895.65,8958.342,9646.68,12394.962,0
3270,0,-0.001,-0.001,-0.001,-0.001,-0.001,-0.001,-0.001,-0.001,-0.001,-1000
3275,3418.4,260.438,1.352,85.731,218.642,387.48,554.263,659.691,862.69,1425.343,0.004
3280,8811,232.511,0.782,70.598,182.846,342.903,512.317,624.784,838.774,1596.104,0.004
3285,8083,253.559,0.766,84.284,205.578,378.653,542.765,642.579,847.761,1488.515,0.004
3290,7574.6,274.055,0.949,87.11,216.663,413.151,592.26,708.288,946.93,1574.99,0.004
3295,7348.2,284.298,1.087,105.71,232.589,419.487,596.3,698.904,939.249,1813.748,0.004
3300,6347,315.98,1.046,100.31,244.756,479.152,688.166,820.853,1079.986,2031.97,0.003
3305,6419.6,319.294,1.111,105.294,255.428,480.773,682.703,803.791,1059.638,2102.485,0.003
3310,5776.6,361.918,1.449,124.884,296.098,536.962,757.843,901.881,1204.76,2173.861,0.003
3315,5540,363.949,1.189,116.179,297.354,546.569,785.706,925.601,1225.999,1913.636,0.003
3320,5330.4,544.622,0.906,133.198,316.58,625.9,970.32,2959.494,3650.261,4363.316,0.002
3325,3270.4,357.874,0.912,110.865,241.161,442.908,659.936,796.075,3108.601,3629.937,0.003
3330,7038.8,286.228,1.147,95.134,224.455,423.226,618.971,748.236,1011.325,1668.835,0.003
3335,7396.2,279.613,1.014,95.868,224.559,417.692,601.787,709.393,939.797,1886.782,0.004
3340,6879.8,301.99,0.994,93.557,236.132,450.453,665.466,797.315,1058.894,1828.312,0.003
3345,4648.2,560.758,0.89,120.144,289.574,552.341,979.309,2995.096,3479.337,4838.599,0.002
3350,4278,354.853,0.812,119.391,277.053,510.836,726.233,871.044,1190.532,8184.858,0.003
3355,688,4113.191,1.4,146.387,6644.971,6969.91,7181.894,7338.232,7606.105,8177.441,0
3360,4611.4,257.951,0.843,94.665,212.474,384.315,540.805,639.228,842.174,1273.662,0.004
3365,8034.2,257.412,0.857,83.669,206.814,381.051,556.755,665.08,884.792,1561.589,0.004
3370,7769,264.26,0.996,84.867,210.736,396.412,567.512,680.661,909.365,1535.557,0.004
3375,7048.8,290.027,1.304,103.936,238.599,430.838,607.336,718.31,952.454,1844.6,0.003
3380,6745.4,302.962,0.778,114.501,247.859,449.327,629.009,729.869,974.635,1932.201,0.003
3385,6370.8,328.529,0.634,100.669,259.854,493.09,717.018,858.437,1147.826,2019.8,0.003
3390,5996.4,338.143,0.989,117.996,270.498,514.664,712.305,837.381,1100.2,2184.463,0.003
3395,5726.8,353.776,1.021,109.867,279.51,538.14,773.801,912.351,1201.19,2088.578,0.003
3400,5499.2,369.898,1.016,113.5,290.822,564.179,806.696,952.455,1275.409,2200.688,0.003
3405,5332.2,380.374,1.009,131.462,298.096,573.801,810.394,960.776,1278.487,3670.896,0.003
3410,4317.6,471.093,1.287,114.204,246.913,474.574,931.024,2360.202,2686.627,3294.898,0.002
3415,4784.6,436.661,1.371,107.018,248.576,479.659,901.461,2028.441,2385.104,3328.828,0.002
3420,6807.8,297.31,0.837,104.077,237.798,447.37,631.756,740.394,959.781,1724.318,0.003
3425,6389.4,324.377,0.946,115.728,265.481,482.553,673.224,808.699,1066.491,1751.628,0.003
3430,3848.6,708.661,0.946,100.532,267.034,569.99,3375.971,3685.296,6413.844,7458.108,0.001
3435,1243.2,1109.957,1.174,204.444,507.414,2720.97,3147.169,3175.498,3851.701,4935.397,0.001
3440,3793.6,1461.03,1.562,114.386,286.004,566.077,10664.48,11003.496,11366.305,12366.533,0.001
3445,0,-0.001,-0.001,-0.001,-0.001,-0.001,-0.001,-0.001,-0.001,-0.001,-1000
3450,1674.6,358.578,1.801,116,289.168,529.349,769.905,925.619,1224.783,1993.449,0.003
3455,6522.6,306.328,0.686,104.942,240.039,456.035,660.353,786.064,1063.947,1700.102,0.003
3460,7755,263.283,0.73,80.699,208.268,395.071,575.845,692.871,905.259,1526.051,0.004
3465,7754.4,265.67,0.688,86.572,216.141,397.507,570.056,673.553,886.782,1544.688,0.004
3470,6863.2,300.444,0.947,97.936,236.768,450.331,644.59,770.318,1032.861,1765.225,0.003
3475,6733.8,302.829,1.12,99.715,245.591,454.998,645.147,768.705,1022.187,1704.949,0.003
3480,6087.4,342.505,1.122,112.876,271.885,516.918,733.422,866.84,1149.421,1957.92,0.003
3485,6095.8,333.489,1.079,114.103,265.723,501.021,714.181,839.586,1125.377,1885.663,0.003
3490,5489.6,376.472,1.476,119.041,298.347,571.588,810.409,957.463,1271.351,2367.926,0.003
3495,5477.4,371.216,1.163,114.565,294.653,559.983,803.082,953.124,1293.86,2286.597,0.003
3500,5372,377.568,1.421,123.492,300.093,570.148,813.308,951.486,1260.832,2457.451,0.003
3505,7121.6,445.822,1.119,98.391,236.749,458.276,715.195,3082.866,3413.524,4327.157,0.002
3510,2774.6,321.525,1.128,129.864,257.823,480.729,666.646,774.84,1047.291,1724.952,0.003
3515,7372.8,279.452,1.329,91.215,221.553,419.365,601.907,714.051,956.437,1715.26,0.004
3520,6353.8,322.783,0.544,107.149,259.353,480.201,686.557,824.864,1115.846,2004.305,0.003
3525,6246.8,333.505,0.611,97.697,262.234,509.65,734.253,871.395,1148.115,2160.27,0.003
3530,4096.2,495.929,0.946,125.169,308.072,615.16,1545.773,1891.82,2239.72,3421.319,0.002
3535,4644.8,1294.835,0.87,123.333,305.785,632.112,1124.298,10958.966,11597.65,12121.803,0.001
3540,0,-0.001,-0.001,-0.001,-0.001,-0.001,-0.001,-0.001,-0.001,-0.001,-1000
3545,348.8,380.806,21.178,268.364,349.072,479.414,632.486,726.071,909.42,1236.134,0.003
3550,7773.4,256.92,1.318,95.941,211.581,373.497,536.52,645.295,853.991,1796.955,0.004
3555,8305.2,249.525,0.79,83.253,202.136,372.717,530.772,636.98,845.582,1671.245,0.004
3560,7401.6,276.775,0.991,95.248,224.382,415.842,586.758,689.934,913.803,1670.144,0.004
3565,7051.4,295.421,1.016,96.157,236.902,441.967,639.18,758.327,982.321,1901.576,0.003
3570,4114.8,488.486,0.564,119.051,285.774,573.106,1464.21,1930.664,2420.309,3257.793,0.002
3575,6259,328.053,1.324,110.25,256.788,493.128,704.007,842.261,1119.776,1809.417,0.003
3580,5884.6,352.46,1.147,110.294,279.782,535.907,770.409,906.745,1185.229,1983.917,0.003
3585,5892.2,349.367,0.827,108.63,271.816,528.311,758.991,906.198,1216.048,2153.718,0.003
3590,6735.8,293.412,0.908,93.979,225.225,431.885,645.533,783.597,1053.955,1855.795,0.003
3595,6986,263.591,0.555,89.541,209.849,393.491,563.24,669.358,913.21,1553.61,0.004
